<Objs Version="1.1.0.1" xmlns="http://schemas.microsoft.com/powershell/2004/04">
  <Obj RefId="0">
    <TN RefId="0">
      <T>Microsoft.PowerShell.Commands.PSRepositoryItemInfo</T>
      <T>System.Management.Automation.PSCustomObject</T>
      <T>System.Object</T>
    </TN>
    <MS>
      <S N="Name">nxtools</S>
      <S N="Version">0.3.0-preview0001</S>
      <S N="Type">Module</S>
      <S N="Description">Collection of Posix tools wrappers.</S>
      <S N="Author">Gael Colas</S>
      <Obj N="CompanyName" RefId="1">
        <TN RefId="1">
          <T>System.Object[]</T>
          <T>System.Array</T>
          <T>System.Object</T>
        </TN>
        <LST>
          <S>gaelcolas</S>
          <S>nitingup</S>
        </LST>
      </Obj>
      <S N="Copyright">(c) Microsoft. All rights reserved.</S>
      <DT N="PublishedDate">2022-03-22T23:18:09+00:00</DT>
      <Obj N="InstalledDate" RefId="2">
        <DT>2022-04-19T21:46:24.956906+00:00</DT>
        <MS>
          <Obj N="DisplayHint" RefId="3">
            <TN RefId="2">
              <T>Microsoft.PowerShell.Commands.DisplayHintType</T>
              <T>System.Enum</T>
              <T>System.ValueType</T>
              <T>System.Object</T>
            </TN>
            <ToString>DateTime</ToString>
            <I32>2</I32>
          </Obj>
        </MS>
      </Obj>
      <Nil N="UpdatedDate" />
      <URI N="LicenseUri">https://github.com/Azure/nxtools/blob/main/LICENSE</URI>
      <URI N="ProjectUri">https://github.com/Azure/nxtools/</URI>
      <Nil N="IconUri" />
      <Obj N="Tags" RefId="4">
        <TNRef RefId="1" />
        <LST>
          <S>linux</S>
          <S>sysadmin</S>
          <S>helper</S>
          <S>PSModule</S>
          <S>PSEdition_Core</S>
        </LST>
      </Obj>
      <Obj N="Includes" RefId="5">
        <TN RefId="3">
          <T>System.Collections.Hashtable</T>
          <T>System.Object</T>
        </TN>
        <DCT>
          <En>
            <S N="Key">Cmdlet</S>
            <Obj N="Value" RefId="6">
              <TNRef RefId="1" />
              <LST />
            </Obj>
          </En>
          <En>
            <S N="Key">Command</S>
            <Obj N="Value" RefId="7">
              <TNRef RefId="1" />
              <LST>
                <S>Compress-nxArchive</S>
                <S>Expand-nxArchive</S>
                <S>Add-nxFileLine</S>
                <S>Invoke-nxFileContentReplace</S>
                <S>Remove-nxFileLine</S>
                <S>Compare-nxMode</S>
                <S>Get-nxChildItem</S>
                <S>Get-nxItem</S>
                <S>Set-nxGroupOwnership</S>
                <S>Set-nxMode</S>
                <S>Set-nxOwner</S>
                <S>Find-nxAptPackageFromCache</S>
                <S>Install-nxAptPackage</S>
                <S>Remove-nxAptPackage</S>
                <S>Update-nxAptPackageCache</S>
                <S>Get-nxDpkgPackage</S>
                <S>Get-nxDpkgPackageInstalled</S>
                <S>Find-nxYumPackage</S>
                <S>Get-nxYumPackage</S>
                <S>Get-nxYumPackageInstalled</S>
                <S>Install-nxYumPackage</S>
                <S>Remove-nxYumPackage</S>
                <S>Find-nxPackage</S>
                <S>Get-nxPackage</S>
                <S>Get-nxPackageInstalled</S>
                <S>Get-nxSupportedPackageType</S>
                <S>Install-nxPackage</S>
                <S>Remove-nxPackage</S>
                <S>Get-nxDistributionInfo</S>
                <S>Get-nxKernelInfo</S>
                <S>Get-nxLinuxStandardBaseRelease</S>
                <S>Add-nxLocalGroupMember</S>
                <S>Add-nxLocalUserToGroup</S>
                <S>Disable-nxLocalUser</S>
                <S>Enable-nxLocalUser</S>
                <S>Get-nxEtcShadow</S>
                <S>Get-nxLocalGroup</S>
                <S>Get-nxLocalUser</S>
                <S>Get-nxLocalUserMemberOf</S>
                <S>New-nxLocalGroup</S>
                <S>New-nxLocalUser</S>
                <S>Remove-nxLocalGroup</S>
                <S>Remove-nxLocalGroupMember</S>
                <S>Remove-nxLocalUser</S>
                <S>Set-nxLocalGroup</S>
                <S>Set-nxLocalGroupGID</S>
                <S>Set-nxLocalGroupMember</S>
                <S>Set-nxLocalUser</S>
              </LST>
            </Obj>
          </En>
          <En>
            <S N="Key">RoleCapability</S>
            <Ref N="Value" RefId="6" />
          </En>
          <En>
            <S N="Key">Function</S>
            <Obj N="Value" RefId="8">
              <TNRef RefId="1" />
              <LST>
                <S>Compress-nxArchive</S>
                <S>Expand-nxArchive</S>
                <S>Add-nxFileLine</S>
                <S>Invoke-nxFileContentReplace</S>
                <S>Remove-nxFileLine</S>
                <S>Compare-nxMode</S>
                <S>Get-nxChildItem</S>
                <S>Get-nxItem</S>
                <S>Set-nxGroupOwnership</S>
                <S>Set-nxMode</S>
                <S>Set-nxOwner</S>
                <S>Find-nxAptPackageFromCache</S>
                <S>Install-nxAptPackage</S>
                <S>Remove-nxAptPackage</S>
                <S>Update-nxAptPackageCache</S>
                <S>Get-nxDpkgPackage</S>
                <S>Get-nxDpkgPackageInstalled</S>
                <S>Find-nxYumPackage</S>
                <S>Get-nxYumPackage</S>
                <S>Get-nxYumPackageInstalled</S>
                <S>Install-nxYumPackage</S>
                <S>Remove-nxYumPackage</S>
                <S>Find-nxPackage</S>
                <S>Get-nxPackage</S>
                <S>Get-nxPackageInstalled</S>
                <S>Get-nxSupportedPackageType</S>
                <S>Install-nxPackage</S>
                <S>Remove-nxPackage</S>
                <S>Get-nxDistributionInfo</S>
                <S>Get-nxKernelInfo</S>
                <S>Get-nxLinuxStandardBaseRelease</S>
                <S>Add-nxLocalGroupMember</S>
                <S>Add-nxLocalUserToGroup</S>
                <S>Disable-nxLocalUser</S>
                <S>Enable-nxLocalUser</S>
                <S>Get-nxEtcShadow</S>
                <S>Get-nxLocalGroup</S>
                <S>Get-nxLocalUser</S>
                <S>Get-nxLocalUserMemberOf</S>
                <S>New-nxLocalGroup</S>
                <S>New-nxLocalUser</S>
                <S>Remove-nxLocalGroup</S>
                <S>Remove-nxLocalGroupMember</S>
                <S>Remove-nxLocalUser</S>
                <S>Set-nxLocalGroup</S>
                <S>Set-nxLocalGroupGID</S>
                <S>Set-nxLocalGroupMember</S>
                <S>Set-nxLocalUser</S>
              </LST>
            </Obj>
          </En>
          <En>
            <S N="Key">DscResource</S>
            <Obj N="Value" RefId="9">
              <TNRef RefId="1" />
              <LST>
                <S>GC_LinuxGroup</S>
                <S>GC_msid110</S>
                <S>GC_msid121</S>
                <S>GC_msid232</S>
                <S>GC_InstalledApplicationLinux</S>
                <S>GC_NotInstalledApplicationLinux</S>
                <S>GC_LinuxLogAnalyticsAgent</S>
                <S>nxFile</S>
                <S>nxGroup</S>
                <S>nxUser</S>
                <S>nxFileLine</S>
                <S>nxFileContentReplace</S>
              </LST>
            </Obj>
          </En>
          <En>
            <S N="Key">Workflow</S>
            <Ref N="Value" RefId="6" />
          </En>
        </DCT>
      </Obj>
      <Nil N="PowerShellGetFormatVersion" />
      <Nil N="ReleaseNotes" />
      <Obj N="Dependencies" RefId="10">
        <TNRef RefId="1" />
        <LST />
      </Obj>
      <S N="RepositorySourceLocation">https://www.powershellgallery.com/api/v2</S>
      <S N="Repository">PSGallery</S>
      <S N="PackageManagementProvider">NuGet</S>
      <Obj N="AdditionalMetadata" RefId="11">
        <TN RefId="4">
          <T>System.Management.Automation.PSCustomObject</T>
          <T>System.Object</T>
        </TN>
        <MS>
          <S N="copyright">(c) Microsoft. All rights reserved.</S>
          <S N="description">Collection of Posix tools wrappers.</S>
          <S N="requireLicenseAcceptance">False</S>
          <S N="isLatestVersion">False</S>
          <S N="isAbsoluteLatestVersion">True</S>
          <S N="versionDownloadCount">4</S>
          <S N="downloadCount">318</S>
          <S N="packageSize">184887</S>
          <S N="published">03/22/2022 23:18:09 +00:00</S>
          <S N="created">03/22/2022 23:18:09 +00:00</S>
          <S N="lastUpdated">03/24/2022 16:18:50 +00:00</S>
          <S N="tags">linux sysadmin helper PSModule PSEdition_Core PSFunction_Compress-nxArchive PSCommand_Compress-nxArchive PSFunction_Expand-nxArchive PSCommand_Expand-nxArchive PSFunction_Add-nxFileLine PSCommand_Add-nxFileLine PSFunction_Invoke-nxFileContentReplace PSCommand_Invoke-nxFileContentReplace PSFunction_Remove-nxFileLine PSCommand_Remove-nxFileLine PSFunction_Compare-nxMode PSCommand_Compare-nxMode PSFunction_Get-nxChildItem PSCommand_Get-nxChildItem PSFunction_Get-nxItem PSCommand_Get-nxItem PSFunction_Set-nxGroupOwnership PSCommand_Set-nxGroupOwnership PSFunction_Set-nxMode PSCommand_Set-nxMode PSFunction_Set-nxOwner PSCommand_Set-nxOwner PSFunction_Find-nxAptPackageFromCache PSCommand_Find-nxAptPackageFromCache PSFunction_Install-nxAptPackage PSCommand_Install-nxAptPackage PSFunction_Remove-nxAptPackage PSCommand_Remove-nxAptPackage PSFunction_Update-nxAptPackageCache PSCommand_Update-nxAptPackageCache PSFunction_Get-nxDpkgPackage PSCommand_Get-nxDpkgPackage PSFunction_Get-nxDpkgPackageInstalled PSCommand_Get-nxDpkgPackageInstalled PSFunction_Find-nxYumPackage PSCommand_Find-nxYumPackage PSFunction_Get-nxYumPackage PSCommand_Get-nxYumPackage PSFunction_Get-nxYumPackageInstalled PSCommand_Get-nxYumPackageInstalled PSFunction_Install-nxYumPackage PSCommand_Install-nxYumPackage PSFunction_Remove-nxYumPackage PSCommand_Remove-nxYumPackage PSFunction_Find-nxPackage PSCommand_Find-nxPackage PSFunction_Get-nxPackage PSCommand_Get-nxPackage PSFunction_Get-nxPackageInstalled PSCommand_Get-nxPackageInstalled PSFunction_Get-nxSupportedPackageType PSCommand_Get-nxSupportedPackageType PSFunction_Install-nxPackage PSCommand_Install-nxPackage PSFunction_Remove-nxPackage PSCommand_Remove-nxPackage PSFunction_Get-nxDistributionInfo PSCommand_Get-nxDistributionInfo PSFunction_Get-nxKernelInfo PSCommand_Get-nxKernelInfo PSFunction_Get-nxLinuxStandardBaseRelease PSCommand_Get-nxLinuxStandardBaseRelease PSFunction_Add-nxLocalGroupMember PSCommand_Add-nxLocalGroupMember PSFunction_Add-nxLocalUserToGroup PSCommand_Add-nxLocalUserToGroup PSFunction_Disable-nxLocalUser PSCommand_Disable-nxLocalUser PSFunction_Enable-nxLocalUser PSCommand_Enable-nxLocalUser PSFunction_Get-nxEtcShadow PSCommand_Get-nxEtcShadow PSFunction_Get-nxLocalGroup PSCommand_Get-nxLocalGroup PSFunction_Get-nxLocalUser PSCommand_Get-nxLocalUser PSFunction_Get-nxLocalUserMemberOf PSCommand_Get-nxLocalUserMemberOf PSFunction_New-nxLocalGroup PSCommand_New-nxLocalGroup PSFunction_New-nxLocalUser PSCommand_New-nxLocalUser PSFunction_Remove-nxLocalGroup PSCommand_Remove-nxLocalGroup PSFunction_Remove-nxLocalGroupMember PSCommand_Remove-nxLocalGroupMember PSFunction_Remove-nxLocalUser PSCommand_Remove-nxLocalUser PSFunction_Set-nxLocalGroup PSCommand_Set-nxLocalGroup PSFunction_Set-nxLocalGroupGID PSCommand_Set-nxLocalGroupGID PSFunction_Set-nxLocalGroupMember PSCommand_Set-nxLocalGroupMember PSFunction_Set-nxLocalUser PSCommand_Set-nxLocalUser PSIncludes_Function PSDscResource_GC_LinuxGroup PSDscResource_GC_msid110 PSDscResource_GC_msid121 PSDscResource_GC_msid232 PSDscResource_GC_InstalledApplicationLinux PSDscResource_GC_NotInstalledApplicationLinux PSDscResource_GC_LinuxLogAnalyticsAgent PSDscResource_nxFile PSDscResource_nxGroup PSDscResource_nxUser PSDscResource_nxFileLine PSDscResource_nxFileContentReplace PSIncludes_DscResource</S>
          <S N="developmentDependency">False</S>
          <S N="updated">2022-03-24T16:18:50Z</S>
          <S N="NormalizedVersion">0.3.0-preview0001</S>
          <S N="Authors">Gael Colas</S>
          <S N="IsPrerelease">true</S>
          <S N="ItemType">Module</S>
          <S N="FileList">nxtools.nuspec|nxtools.psd1|nxtools.psm1|en-US\about_nxtools.help.txt|en-US\nxFile.strings.psd1|en-US\nxGroup.strings.psd1|en-US\nxPackage.strings.psd1|en-US\nxtools.strings.psd1|en-US\nxUser.strings.psd1|Modules\DscResource.Common\0.10.3\DscResource.Common.psd1|Modules\DscResource.Common\0.10.3\DscResource.Common.psm1|Modules\PSNativeCmdDevKit\0.1.0\PSNativeCmdDevKit.psd1|Modules\PSNativeCmdDevKit\0.1.0\PSNativeCmdDevKit.psm1|Modules\DscResource.Common\0.10.3\en-US\about_DscResource.Common.help.txt|Modules\DscResource.Common\0.10.3\en-US\DscResource.Common.strings.psd1|Modules\PSNativeCmdDevKit\0.1.0\en-US\about_PSNativeCmdDevKit.help.txt|Modules\PSNativeCmdDevKit\0.1.0\en-US\PSNativeCmdDevKit.strings.psd1</S>
          <S N="GUID">b3f15f9d-94f2-44ce-8491-6a5dbb585c44</S>
          <S N="PowerShellVersion">6.2</S>
          <S N="CompanyName">Microsoft</S>
        </MS>
      </Obj>
      <S N="InstalledLocation">/home/azureuser/.local/share/powershell/Modules/nxtools/0.3.0</S>
    </MS>
  </Obj>
</Objs>
